application,success_rate,avg_processing_time,health_score
GitHub,94.43527080581242,999.0677014531044,73.55008124174373
Jira,94.12847106055537,1011.4079959852794,73.27996085647374
Salesforce,94.13239719157473,1006.3734536944166,73.29317084587095
ServiceNow,93.84563645535565,1014.0933243652262,73.04832251555406
Slack,94.46745072055657,1011.5400033129038,73.55088056981945
